3.71,0.00,678.00,85.00,2025-10-24T16:06:13
3.86,0.00,683.00,23.62,2025-10-24T16:06:14
3.86,0.00,683.00,23.69,2025-10-24T16:06:15
3.86,0.00,684.00,23.69,2025-10-24T16:06:16
3.86,0.00,683.00,23.69,2025-10-24T16:06:18
3.86,0.00,682.00,23.69,2025-10-24T16:06:19
3.65,0.00,673.00,23.69,2025-10-24T16:06:38
4.50,0.00,705.00,85.00,2025-10-27T13:18:38
4.50,0.00,703.00,22.87,2025-10-27T13:18:49
4.59,0.00,703.00,22.87,2025-10-27T13:18:59
4.77,0.00,703.00,22.87,2025-10-27T13:19:09
4.50,0.00,709.00,22.94,2025-10-27T13:19:19
4.52,0.00,708.00,22.87,2025-10-27T13:19:29
4.50,0.00,705.00,22.87,2025-10-27T13:19:40
4.62,0.00,703.00,22.94,2025-10-27T13:19:50
4.50,0.00,703.00,22.94,2025-10-27T13:20:00
4.75,0.00,703.00,22.94,2025-10-27T13:20:10
4.63,0.00,702.00,22.94,2025-10-27T13:20:20
4.48,0.00,702.00,22.94,2025-10-27T13:20:31
4.65,0.00,702.00,23.00,2025-10-27T13:20:41
4.72,0.00,703.00,23.19,2025-10-27T13:20:51
4.18,0.00,701.00,23.25,2025-10-27T13:21:01
4.91,0.00,701.00,23.25,2025-10-27T13:21:11
4.98,0.00,701.00,23.25,2025-10-27T13:21:22
4.95,0.00,701.00,23.25,2025-10-27T13:21:32
3.67,0.00,701.00,23.25,2025-10-27T13:21:42
4.97,0.00,701.00,23.25,2025-10-27T13:21:52
5.99,0.00,701.00,23.25,2025-10-27T13:22:02
6.15,0.00,701.00,23.25,2025-10-27T13:22:12
5.13,0.00,701.00,23.19,2025-10-27T13:22:23
5.40,0.00,701.00,23.19,2025-10-27T13:22:33
5.29,0.00,701.00,23.25,2025-10-27T13:22:43
5.20,0.00,701.00,23.25,2025-10-27T13:22:53
5.33,0.00,701.00,23.25,2025-10-27T13:23:03
5.23,0.00,701.00,23.25,2025-10-27T13:23:14
5.35,0.00,701.00,23.25,2025-10-27T13:23:24
5.34,0.00,701.00,23.25,2025-10-27T13:23:34
5.37,0.00,701.00,23.19,2025-10-27T13:23:44
5.41,0.00,701.00,23.25,2025-10-27T13:23:54
4.56,0.00,701.00,23.19,2025-10-27T13:24:05
5.97,0.00,701.00,23.25,2025-10-27T13:24:15
5.16,0.00,701.00,23.25,2025-10-27T13:24:25
5.88,0.00,701.00,23.25,2025-10-27T13:24:35
5.74,0.00,702.00,23.19,2025-10-27T13:24:45
5.80,0.00,702.00,23.19,2025-10-27T13:24:56
6.00,0.00,702.00,23.19,2025-10-27T13:25:06
5.79,0.00,702.00,23.19,2025-10-27T13:25:16
5.83,0.00,702.00,23.19,2025-10-27T13:25:26
5.85,0.00,702.00,23.19,2025-10-27T13:25:36
5.85,0.00,702.00,23.19,2025-10-27T13:25:46
5.87,0.00,702.00,23.19,2025-10-27T13:25:57
5.88,0.00,702.00,23.25,2025-10-27T13:26:07
5.91,0.00,702.00,23.19,2025-10-27T13:26:17
7.45,0.00,702.00,23.19,2025-10-27T13:26:27
6.92,0.00,701.00,23.25,2025-10-27T13:26:37
6.20,0.00,702.00,23.19,2025-10-27T13:26:48
6.12,0.00,744.00,23.19,2025-10-27T13:26:58
6.61,0.00,752.00,22.94,2025-10-27T13:27:08
7.80,0.00,845.00,22.56,2025-10-27T13:27:18
6.74,0.00,866.00,21.94,2025-10-27T13:27:28
6.22,0.00,842.00,21.37,2025-10-27T13:27:39
7.37,0.00,822.00,21.00,2025-10-27T13:27:49
7.46,0.00,816.00,20.56,2025-10-27T13:27:59
6.10,0.00,819.00,20.25,2025-10-27T13:28:09
7.35,0.00,802.00,20.00,2025-10-27T13:28:19
6.69,0.00,819.00,19.75,2025-10-27T13:28:30
5.49,0.00,782.00,19.44,2025-10-27T13:28:40
7.53,0.00,733.00,19.00,2025-10-27T13:28:50
6.71,0.00,859.00,18.56,2025-10-27T13:29:00
6.86,0.00,863.00,17.44,2025-10-27T13:29:10
6.97,0.00,913.00,16.75,2025-10-27T13:29:21
6.91,0.00,801.00,16.25,2025-10-27T13:29:31
6.61,0.00,802.00,15.81,2025-10-27T13:29:41
6.54,0.00,767.00,15.44,2025-10-27T13:29:51
6.49,0.00,764.00,15.19,2025-10-27T13:30:01
6.44,0.00,775.00,14.94,2025-10-27T13:30:12
6.46,0.00,788.00,14.94,2025-10-27T13:30:22
6.44,0.00,789.00,14.88,2025-10-27T13:30:32
6.41,0.00,796.00,14.88,2025-10-27T13:30:42
6.41,0.00,797.00,14.75,2025-10-27T13:30:52
6.37,0.00,798.00,14.81,2025-10-27T13:31:02
6.35,0.00,801.00,14.88,2025-10-27T13:31:13
6.33,0.00,794.00,14.81,2025-10-27T13:31:23
6.33,0.00,799.00,14.81,2025-10-27T13:31:33
6.33,0.00,799.00,14.69,2025-10-27T13:31:43
6.30,0.00,799.00,14.63,2025-10-27T13:31:53
6.28,0.00,802.00,14.56,2025-10-27T13:32:04
6.28,0.00,806.00,14.50,2025-10-27T13:32:14
6.25,0.00,799.00,14.31,2025-10-27T13:32:24
6.28,0.00,808.00,14.25,2025-10-27T13:32:34
6.25,0.00,816.00,14.19,2025-10-27T13:32:44
6.23,0.00,824.00,14.25,2025-10-27T13:32:55
6.22,0.00,820.00,14.25,2025-10-27T13:33:05
5.99,0.00,819.00,14.25,2025-10-27T13:33:15
6.04,0.00,802.00,14.13,2025-10-27T13:33:25
6.04,0.00,764.00,13.94,2025-10-27T13:33:35
6.04,0.00,792.00,13.88,2025-10-27T13:33:46
6.15,0.00,838.00,13.88,2025-10-27T13:33:56
6.07,0.00,849.00,13.88,2025-10-27T13:34:06
6.04,0.00,850.00,13.88,2025-10-27T13:34:16
7.19,0.00,901.00,13.81,2025-10-27T13:34:26
7.19,0.00,868.00,14.19,2025-10-27T13:34:37
7.19,0.00,905.00,14.63,2025-10-27T13:34:47
7.19,0.00,919.00,14.88,2025-10-27T13:34:57
7.19,0.00,914.00,15.00,2025-10-27T13:35:07
7.19,0.00,918.00,15.06,2025-10-27T13:35:17
7.19,0.00,904.00,15.13,2025-10-27T13:35:27
7.18,0.00,901.00,15.13,2025-10-27T13:35:38
7.18,0.00,908.00,15.19,2025-10-27T13:35:48
7.17,0.00,915.00,15.13,2025-10-27T13:35:58
7.17,0.00,912.00,15.19,2025-10-27T13:36:08
7.17,0.00,910.00,15.19,2025-10-27T13:36:18
7.18,0.00,917.00,15.19,2025-10-27T13:36:29
7.17,0.00,913.00,15.19,2025-10-27T13:36:39
7.17,0.00,911.00,15.19,2025-10-27T13:36:49
7.17,0.00,918.00,15.19,2025-10-27T13:36:59
7.17,0.00,911.00,15.19,2025-10-27T13:37:09
7.19,0.00,913.00,15.19,2025-10-27T13:37:20
7.17,0.00,921.00,15.19,2025-10-27T13:37:30
7.17,0.00,914.00,15.19,2025-10-27T13:37:40
7.17,0.00,915.00,15.19,2025-10-27T13:37:50
7.19,0.00,921.00,15.19,2025-10-27T13:38:00
7.18,0.00,916.00,15.19,2025-10-27T13:38:11
7.18,0.00,919.00,15.19,2025-10-27T13:38:21
7.17,0.00,917.00,15.19,2025-10-27T13:38:31
7.17,0.00,919.00,15.19,2025-10-27T13:38:41
7.18,0.00,922.00,15.19,2025-10-27T13:38:51
7.18,0.00,923.00,15.19,2025-10-27T13:39:02
7.17,0.00,925.00,15.19,2025-10-27T13:39:12
7.19,0.00,917.00,15.19,2025-10-27T13:39:22
7.17,0.00,907.00,15.19,2025-10-27T13:39:32
7.17,0.00,926.00,15.13,2025-10-27T13:39:42
7.17,0.00,925.00,15.19,2025-10-27T13:39:52
7.17,0.00,927.00,15.19,2025-10-27T13:40:03
7.17,0.00,905.00,15.19,2025-10-27T13:40:13
7.18,0.00,918.00,15.19,2025-10-27T13:40:23
7.19,0.00,921.00,15.19,2025-10-27T13:40:33
7.17,0.00,917.00,15.19,2025-10-27T13:40:43
7.18,0.00,917.00,15.19,2025-10-27T13:40:54
7.18,0.00,928.00,15.13,2025-10-27T13:41:04
7.17,0.00,918.00,15.19,2025-10-27T13:41:14
7.17,0.00,927.00,15.19,2025-10-27T13:41:24
7.17,0.00,924.00,15.19,2025-10-27T13:41:34
7.17,0.00,925.00,15.19,2025-10-27T13:41:45
7.17,0.00,912.00,15.13,2025-10-27T13:41:55
7.16,0.00,919.00,15.19,2025-10-27T13:42:05
7.17,0.00,914.00,15.19,2025-10-27T13:42:15
7.16,0.00,910.00,15.13,2025-10-27T13:42:25
7.17,0.00,905.00,15.19,2025-10-27T13:42:36
7.17,0.00,909.00,15.19,2025-10-27T13:42:46
7.17,0.00,911.00,15.13,2025-10-27T13:42:56
7.17,0.00,909.00,15.13,2025-10-27T13:43:06
7.17,0.00,901.00,15.19,2025-10-27T13:43:16
7.17,0.00,892.00,15.13,2025-10-27T13:43:27
7.17,0.00,896.00,15.19,2025-10-27T13:43:37
7.16,0.00,898.00,15.13,2025-10-27T13:43:47
7.17,0.00,895.00,15.13,2025-10-27T13:43:57
7.16,0.00,886.00,15.13,2025-10-27T13:44:07
7.16,0.00,890.00,15.13,2025-10-27T13:44:17
7.16,0.00,875.00,15.19,2025-10-27T13:44:28
7.16,0.00,879.00,15.13,2025-10-27T13:44:38
7.16,0.00,883.00,15.19,2025-10-27T13:44:48
7.16,0.00,879.00,15.13,2025-10-27T13:44:58
7.16,0.00,884.00,15.13,2025-10-27T13:45:08
7.18,0.00,884.00,15.13,2025-10-27T13:45:19
7.17,0.00,882.00,15.13,2025-10-27T13:45:29
7.17,0.00,877.00,15.13,2025-10-27T13:45:39
7.16,0.00,878.00,15.13,2025-10-27T13:45:49
7.16,0.00,877.00,15.19,2025-10-27T13:45:59
7.17,0.00,879.00,15.13,2025-10-27T13:46:10
7.17,0.00,869.00,15.13,2025-10-27T13:46:20
7.17,0.00,876.00,15.13,2025-10-27T13:46:30
7.17,0.00,870.00,15.13,2025-10-27T13:46:40
7.17,0.00,874.00,15.13,2025-10-27T13:46:50
7.17,0.00,869.00,15.13,2025-10-27T13:47:01
7.17,0.00,864.00,15.13,2025-10-27T13:47:11
7.17,0.00,865.00,15.13,2025-10-27T13:47:21
7.18,0.00,866.00,15.13,2025-10-27T13:47:31
7.17,0.00,866.00,15.13,2025-10-27T13:47:41
7.17,0.00,862.00,15.13,2025-10-27T13:47:51
7.17,0.00,862.00,15.13,2025-10-27T13:48:02
7.17,0.00,860.00,15.13,2025-10-27T13:48:12
7.17,0.00,865.00,15.13,2025-10-27T13:48:22
7.17,0.00,860.00,15.13,2025-10-27T13:48:32
7.17,0.00,861.00,15.13,2025-10-27T13:48:42
7.17,0.00,853.00,15.13,2025-10-27T13:48:53
7.18,0.00,854.00,15.13,2025-10-27T13:49:03
7.17,0.00,850.00,15.13,2025-10-27T13:49:13
7.17,0.00,852.00,15.13,2025-10-27T13:49:23
7.19,0.00,847.00,15.13,2025-10-27T13:49:33
7.18,0.00,855.00,15.13,2025-10-27T13:49:44
7.19,0.00,852.00,15.13,2025-10-27T13:49:54
7.18,0.00,855.00,15.13,2025-10-27T13:50:04
7.18,0.00,852.00,15.13,2025-10-27T13:50:14
7.17,0.00,856.00,15.13,2025-10-27T13:50:24
7.17,0.00,856.00,15.13,2025-10-27T13:50:35
7.18,0.00,845.00,15.13,2025-10-27T13:50:45
7.18,0.00,849.00,15.13,2025-10-27T13:50:55
7.17,0.00,857.00,15.13,2025-10-27T13:51:05
7.18,0.00,853.00,15.13,2025-10-27T13:51:15
7.18,0.00,851.00,15.13,2025-10-27T13:51:26
7.18,0.00,856.00,15.13,2025-10-27T13:51:36
7.19,0.00,851.00,15.13,2025-10-27T13:51:46
7.19,0.00,853.00,15.13,2025-10-27T13:51:56
7.19,0.00,859.00,15.13,2025-10-27T13:52:06
7.19,0.00,781.00,15.13,2025-10-27T13:52:16
7.19,0.00,854.00,15.13,2025-10-27T13:52:27
7.19,0.00,857.00,15.13,2025-10-27T13:52:37
7.19,0.00,859.00,15.13,2025-10-27T13:52:47
7.19,0.00,852.00,15.13,2025-10-27T13:52:57
7.19,0.00,862.00,15.13,2025-10-27T13:53:07
7.19,0.00,857.00,15.13,2025-10-27T13:53:18
7.19,0.00,858.00,15.13,2025-10-27T13:53:28
7.19,0.00,860.00,15.13,2025-10-27T13:53:38
7.19,0.00,861.00,15.13,2025-10-27T13:53:48
7.19,0.00,856.00,15.13,2025-10-27T13:53:58
7.19,0.00,859.00,15.13,2025-10-27T13:54:09
7.19,0.00,856.00,15.13,2025-10-27T13:54:19
7.20,0.00,854.00,15.13,2025-10-27T13:54:29
7.19,0.00,862.00,15.13,2025-10-27T13:54:39
7.19,0.00,857.00,15.13,2025-10-27T13:54:49
7.19,0.00,860.00,15.13,2025-10-27T13:55:00
7.19,0.00,855.00,15.13,2025-10-27T13:55:10
7.19,0.00,859.00,15.13,2025-10-27T13:55:20
7.19,0.00,861.00,15.13,2025-10-27T13:55:30
7.19,0.00,852.00,15.13,2025-10-27T13:55:40
7.19,0.00,852.00,15.13,2025-10-27T13:55:51
7.19,0.00,853.00,15.13,2025-10-27T13:56:01
7.19,0.00,861.00,15.06,2025-10-27T13:56:11
7.19,0.00,862.00,15.13,2025-10-27T13:56:21
7.19,0.00,863.00,15.13,2025-10-27T13:56:31
7.19,0.00,858.00,15.13,2025-10-27T13:56:41
7.20,0.00,865.00,15.06,2025-10-27T13:56:52
7.20,0.00,836.00,15.13,2025-10-27T13:57:02
7.19,0.00,845.00,15.13,2025-10-27T13:57:12
7.19,0.00,838.00,15.13,2025-10-27T13:57:22
7.20,0.00,839.00,15.13,2025-10-27T13:57:32
7.19,0.00,847.00,15.13,2025-10-27T13:57:43
7.19,0.00,848.00,15.06,2025-10-27T13:57:53
7.19,0.00,846.00,15.13,2025-10-27T13:58:03
7.19,0.00,846.00,15.13,2025-10-27T13:58:13
7.19,0.00,854.00,15.13,2025-10-27T13:58:23
7.19,0.00,853.00,15.13,2025-10-27T13:58:34
7.19,0.00,850.00,15.13,2025-10-27T13:58:44
7.19,0.00,855.00,15.13,2025-10-27T13:58:54
7.19,0.00,851.00,15.13,2025-10-27T13:59:04
7.19,0.00,862.00,15.13,2025-10-27T13:59:14
7.19,0.00,860.00,15.13,2025-10-27T13:59:25
7.19,0.00,854.00,15.06,2025-10-27T13:59:35
7.19,0.00,857.00,15.13,2025-10-27T13:59:45
7.20,0.00,857.00,15.13,2025-10-27T13:59:55
7.19,0.00,860.00,15.06,2025-10-27T14:00:05
7.19,0.00,859.00,15.13,2025-10-27T14:00:16
7.19,0.00,865.00,15.13,2025-10-27T14:00:26
7.19,0.00,869.00,15.13,2025-10-27T14:00:36
7.19,0.00,861.00,15.13,2025-10-27T14:00:46
7.19,0.00,871.00,15.06,2025-10-27T14:00:56
7.19,0.00,853.00,15.06,2025-10-27T14:01:06
7.19,0.00,852.00,15.06,2025-10-27T14:01:17
7.20,0.00,860.00,15.13,2025-10-27T14:01:27
7.19,0.00,863.00,15.06,2025-10-27T14:01:37
7.19,0.00,863.00,15.06,2025-10-27T14:01:47
7.19,0.00,861.00,15.13,2025-10-27T14:01:57
7.19,0.00,863.00,15.06,2025-10-27T14:02:08
7.19,0.00,860.00,15.13,2025-10-27T14:02:18
7.19,0.00,863.00,15.13,2025-10-27T14:02:28
7.20,0.00,865.00,15.06,2025-10-27T14:02:38
7.20,0.00,847.00,15.13,2025-10-27T14:02:48
7.19,0.00,854.00,15.13,2025-10-27T14:02:59
7.20,0.00,859.00,15.13,2025-10-27T14:03:09
7.20,0.00,853.00,15.06,2025-10-27T14:03:19
7.20,0.00,860.00,15.06,2025-10-27T14:03:29
7.20,0.00,857.00,15.13,2025-10-27T14:03:39
7.19,0.00,857.00,15.06,2025-10-27T14:03:50
7.20,0.00,868.00,15.13,2025-10-27T14:04:00
7.20,0.00,865.00,15.13,2025-10-27T14:04:10
7.20,0.00,868.00,15.13,2025-10-27T14:04:20
7.21,0.00,853.00,15.13,2025-10-27T14:04:30
7.20,0.00,858.00,15.13,2025-10-27T14:04:41
7.20,0.00,865.00,15.13,2025-10-27T14:04:51
7.20,0.00,870.00,15.13,2025-10-27T14:05:01
7.20,0.00,852.00,15.06,2025-10-27T14:05:11
7.20,0.00,865.00,15.13,2025-10-27T14:05:21
7.20,0.00,860.00,15.13,2025-10-27T14:05:31
7.20,0.00,865.00,15.06,2025-10-27T14:05:42
7.21,0.00,850.00,15.13,2025-10-27T14:05:52
7.22,0.00,860.00,15.13,2025-10-27T14:06:02
7.22,0.00,863.00,15.13,2025-10-27T14:06:12
7.20,0.00,863.00,15.06,2025-10-27T14:06:22
7.20,0.00,861.00,15.06,2025-10-27T14:06:33
7.20,0.00,866.00,15.06,2025-10-27T14:06:43
7.20,0.00,860.00,15.06,2025-10-27T14:06:53
7.19,0.00,866.00,15.13,2025-10-27T14:07:03
7.20,0.00,858.00,15.06,2025-10-27T14:07:13
7.19,0.00,861.00,15.13,2025-10-27T14:07:24
7.19,0.00,866.00,15.13,2025-10-27T14:07:34
7.20,0.00,865.00,15.06,2025-10-27T14:07:44
7.20,0.00,860.00,15.13,2025-10-27T14:07:54
7.20,0.00,866.00,15.13,2025-10-27T14:08:04
7.20,0.00,856.00,15.06,2025-10-27T14:08:15
7.20,0.00,856.00,15.13,2025-10-27T14:08:25
7.20,0.00,867.00,15.13,2025-10-27T14:08:35
7.20,0.00,868.00,15.13,2025-10-27T14:08:45
7.20,0.00,864.00,15.13,2025-10-27T14:08:55
7.19,0.00,865.00,15.06,2025-10-27T14:09:06
7.20,0.00,860.00,15.06,2025-10-27T14:09:16
7.20,0.00,860.00,15.13,2025-10-27T14:09:26
7.20,0.00,865.00,15.06,2025-10-27T14:09:36
7.20,0.00,847.00,15.13,2025-10-27T14:09:46
7.20,0.00,864.00,15.06,2025-10-27T14:09:56
7.20,0.00,863.00,15.13,2025-10-27T14:10:07
7.20,0.00,870.00,15.13,2025-10-27T14:10:17
7.20,0.00,857.00,15.13,2025-10-27T14:10:27
7.20,0.00,856.00,15.13,2025-10-27T14:10:37
7.20,0.00,870.00,15.06,2025-10-27T14:10:47
7.21,0.00,868.00,15.13,2025-10-27T14:10:58
7.20,0.00,874.00,15.13,2025-10-27T14:11:08
7.19,0.00,871.00,15.13,2025-10-27T14:11:18
7.20,0.00,878.00,15.13,2025-10-27T14:11:28
7.19,0.00,869.00,15.13,2025-10-27T14:11:38
7.19,0.00,865.00,15.13,2025-10-27T14:11:49
7.19,0.00,866.00,15.13,2025-10-27T14:11:59
7.19,0.00,866.00,15.13,2025-10-27T14:12:09
7.19,0.00,866.00,15.13,2025-10-27T14:12:19
7.19,0.00,874.00,15.13,2025-10-27T14:12:29
7.19,0.00,873.00,15.06,2025-10-27T14:12:40
7.19,0.00,867.00,15.13,2025-10-27T14:12:50
7.19,0.00,859.00,15.13,2025-10-27T14:13:00
7.19,0.00,854.00,15.06,2025-10-27T14:13:10
7.19,0.00,864.00,15.06,2025-10-27T14:13:20
7.19,0.00,864.00,15.13,2025-10-27T14:13:31
7.19,0.00,854.00,15.13,2025-10-27T14:13:41
7.19,0.00,859.00,15.13,2025-10-27T14:13:51
7.19,0.00,869.00,15.13,2025-10-27T14:14:01
7.19,0.00,863.00,15.13,2025-10-27T14:14:11
7.19,0.00,855.00,15.13,2025-10-27T14:14:21
7.19,0.00,866.00,15.13,2025-10-27T14:14:32
7.19,0.00,864.00,15.13,2025-10-27T14:14:42
7.19,0.00,857.00,15.13,2025-10-27T14:14:52
7.19,0.00,844.00,15.13,2025-10-27T14:15:02
7.19,0.00,850.00,15.13,2025-10-27T14:15:12
7.19,0.00,846.00,15.13,2025-10-27T14:15:23
7.19,0.00,851.00,15.13,2025-10-27T14:15:33
7.19,0.00,856.00,15.13,2025-10-27T14:15:43
7.19,0.00,852.00,15.13,2025-10-27T14:15:53
7.19,0.00,848.00,15.13,2025-10-27T14:16:03
7.19,0.00,847.00,15.13,2025-10-27T14:16:14
7.19,0.00,851.00,15.13,2025-10-27T14:16:24
7.19,0.00,849.00,15.13,2025-10-27T14:16:34
7.19,0.00,848.00,15.13,2025-10-27T14:16:44
7.20,0.00,850.00,15.13,2025-10-27T14:16:54
7.19,0.00,848.00,15.13,2025-10-27T14:17:05
7.19,0.00,854.00,15.13,2025-10-27T14:17:15
7.19,0.00,845.00,15.13,2025-10-27T14:17:25
7.19,0.00,845.00,15.13,2025-10-27T14:17:35
7.19,0.00,853.00,15.13,2025-10-27T14:17:45
7.17,0.00,850.00,15.13,2025-10-27T14:17:56
7.17,0.00,853.00,15.13,2025-10-27T14:18:06
7.18,0.00,843.00,15.13,2025-10-27T14:18:16
7.18,0.00,852.00,15.13,2025-10-27T14:18:26
7.18,0.00,860.00,15.19,2025-10-27T14:18:36
7.17,0.00,853.00,15.13,2025-10-27T14:18:46
7.17,0.00,864.00,15.13,2025-10-27T14:18:57
7.17,0.00,863.00,15.13,2025-10-27T14:19:07
7.17,0.00,856.00,15.13,2025-10-27T14:19:17
7.17,0.00,859.00,15.13,2025-10-27T14:19:27
7.17,0.00,866.00,15.13,2025-10-27T14:19:37
7.17,0.00,863.00,15.13,2025-10-27T14:19:48
7.19,0.00,863.00,15.13,2025-10-27T14:19:58
7.17,0.00,865.00,15.13,2025-10-27T14:20:08
7.18,0.00,853.00,15.13,2025-10-27T14:20:18
7.18,0.00,841.00,15.13,2025-10-27T14:20:28
7.17,0.00,853.00,15.19,2025-10-27T14:20:39
7.17,0.00,852.00,15.13,2025-10-27T14:20:49
7.18,0.00,852.00,15.13,2025-10-27T14:20:59
7.17,0.00,842.00,15.13,2025-10-27T14:21:09
7.19,0.00,854.00,15.13,2025-10-27T14:21:19
7.19,0.00,861.00,15.13,2025-10-27T14:21:30
7.18,0.00,864.00,15.13,2025-10-27T14:21:40
7.18,0.00,859.00,15.13,2025-10-27T14:21:50
7.18,0.00,859.00,15.13,2025-10-27T14:22:00
7.17,0.00,847.00,15.13,2025-10-27T14:22:10
7.17,0.00,858.00,15.13,2025-10-27T14:22:20
7.18,0.00,850.00,15.13,2025-10-27T14:22:31
7.19,0.00,842.00,15.19,2025-10-27T14:22:41
7.18,0.00,851.00,15.19,2025-10-27T14:22:51
7.17,0.00,849.00,15.19,2025-10-27T14:23:01
7.17,0.00,847.00,15.13,2025-10-27T14:23:11
7.18,0.00,844.00,15.13,2025-10-27T14:23:22
7.19,0.00,848.00,15.19,2025-10-27T14:23:32
7.18,0.00,830.00,15.19,2025-10-27T14:23:42
7.17,0.00,837.00,15.19,2025-10-27T14:23:52
7.17,0.00,837.00,15.19,2025-10-27T14:24:02
7.18,0.00,842.00,15.13,2025-10-27T14:24:13
7.17,0.00,833.00,15.19,2025-10-27T14:24:23
7.17,0.00,839.00,15.13,2025-10-27T14:24:33
7.17,0.00,842.00,15.19,2025-10-27T14:24:43
7.18,0.00,831.00,15.19,2025-10-27T14:24:53
7.17,0.00,826.00,15.13,2025-10-27T14:25:04
7.17,0.00,833.00,15.19,2025-10-27T14:25:14
7.17,0.00,829.00,15.19,2025-10-27T14:25:24
7.17,0.00,824.00,15.13,2025-10-27T14:25:34
7.17,0.00,829.00,15.13,2025-10-27T14:25:44
7.17,0.00,833.00,15.13,2025-10-27T14:25:55
7.17,0.00,822.00,15.13,2025-10-27T14:26:05
7.17,0.00,832.00,15.19,2025-10-27T14:26:15
7.17,0.00,824.00,15.13,2025-10-27T14:26:25
7.17,0.00,830.00,15.13,2025-10-27T14:26:35
7.17,0.00,825.00,15.13,2025-10-27T14:26:45
7.17,0.00,826.00,15.13,2025-10-27T14:26:56
7.17,0.00,824.00,15.13,2025-10-27T14:27:06
7.17,0.00,824.00,15.13,2025-10-27T14:27:16
7.16,0.00,824.00,15.13,2025-10-27T14:27:26
7.16,0.00,824.00,15.13,2025-10-27T14:27:36
7.16,0.00,837.00,15.13,2025-10-27T14:27:47
7.15,0.00,837.00,15.13,2025-10-27T14:27:57
7.16,0.00,834.00,15.13,2025-10-27T14:28:07
7.16,0.00,835.00,15.13,2025-10-27T14:28:17
7.16,0.00,827.00,15.13,2025-10-27T14:28:27
7.14,0.00,834.00,15.13,2025-10-27T14:28:38
7.14,0.00,828.00,15.13,2025-10-27T14:28:48
7.14,0.00,824.00,15.13,2025-10-27T14:28:58
7.14,0.00,825.00,15.13,2025-10-27T14:29:08
7.14,0.00,839.00,15.13,2025-10-27T14:29:18
7.14,0.00,835.00,15.13,2025-10-27T14:29:29
7.13,0.00,842.00,15.13,2025-10-27T14:29:39
7.14,0.00,834.00,15.13,2025-10-27T14:29:49
7.14,0.00,839.00,15.13,2025-10-27T14:29:59
7.14,0.00,842.00,15.13,2025-10-27T14:30:09
7.14,0.00,851.00,15.13,2025-10-27T14:30:20
7.14,0.00,849.00,15.13,2025-10-27T14:30:30
7.14,0.00,845.00,15.13,2025-10-27T14:30:40
7.14,0.00,842.00,15.13,2025-10-27T14:30:50
7.13,0.00,833.00,15.13,2025-10-27T14:31:00
7.15,0.00,843.00,15.13,2025-10-27T14:31:10
7.14,0.00,839.00,15.13,2025-10-27T14:31:21
7.14,0.00,837.00,15.13,2025-10-27T14:31:31
7.13,0.00,832.00,15.13,2025-10-27T14:31:41
7.11,0.00,848.00,15.13,2025-10-27T14:31:51
7.11,0.00,850.00,15.13,2025-10-27T14:32:01
7.11,0.00,828.00,15.13,2025-10-27T14:32:12
7.11,0.00,838.00,15.13,2025-10-27T14:32:22
7.11,0.00,841.00,15.13,2025-10-27T14:32:32
7.11,0.00,823.00,15.13,2025-10-27T14:32:42
7.11,0.00,836.00,15.13,2025-10-27T14:32:52
7.12,0.00,840.00,15.13,2025-10-27T14:33:03
7.12,0.00,831.00,15.13,2025-10-27T14:33:13
7.12,0.00,836.00,15.13,2025-10-27T14:33:23
7.13,0.00,828.00,15.13,2025-10-27T14:33:33
7.11,0.00,839.00,15.13,2025-10-27T14:33:43
7.11,0.00,826.00,15.13,2025-10-27T14:33:54
7.13,0.00,840.00,15.13,2025-10-27T14:34:04
7.13,0.00,842.00,15.13,2025-10-27T14:34:14
7.12,0.00,843.00,15.13,2025-10-27T14:34:24
7.12,0.00,837.00,15.13,2025-10-27T14:34:34
7.12,0.00,839.00,15.13,2025-10-27T14:34:44
7.12,0.00,837.00,15.13,2025-10-27T14:34:55
7.11,0.00,833.00,15.13,2025-10-27T14:35:05
7.11,0.00,833.00,15.13,2025-10-27T14:35:15
7.13,0.00,843.00,15.13,2025-10-27T14:35:25
7.12,0.00,816.00,15.13,2025-10-27T14:35:35
7.11,0.00,825.00,15.13,2025-10-27T14:35:46
7.11,0.00,836.00,15.13,2025-10-27T14:35:56
7.11,0.00,838.00,15.19,2025-10-27T14:36:06
7.11,0.00,839.00,15.13,2025-10-27T14:36:16
7.11,0.00,840.00,15.19,2025-10-27T14:36:26
7.11,0.00,845.00,15.19,2025-10-27T14:36:37
7.11,0.00,838.00,15.19,2025-10-27T14:36:47
7.11,0.00,841.00,15.13,2025-10-27T14:36:57
7.10,0.00,830.00,15.13,2025-10-27T14:37:07
7.10,0.00,835.00,15.19,2025-10-27T14:37:17
7.10,0.00,828.00,15.19,2025-10-27T14:37:27
7.11,0.00,829.00,15.13,2025-10-27T14:37:38
7.11,0.00,823.00,15.19,2025-10-27T14:37:48
7.10,0.00,827.00,15.19,2025-10-27T14:37:58
7.10,0.00,830.00,15.19,2025-10-27T14:38:08
7.10,0.00,830.00,15.19,2025-10-27T14:38:18
7.11,0.00,832.00,15.19,2025-10-27T14:38:29
7.10,0.00,829.00,15.19,2025-10-27T14:38:39
7.11,0.00,831.00,15.19,2025-10-27T14:38:49
7.10,0.00,831.00,15.19,2025-10-27T14:38:59
7.10,0.00,830.00,15.19,2025-10-27T14:39:09
7.11,0.00,824.00,15.19,2025-10-27T14:39:20
7.11,0.00,831.00,15.13,2025-10-27T14:39:30
7.10,0.00,842.00,15.19,2025-10-27T14:39:40
7.09,0.00,834.00,15.19,2025-10-27T14:39:50
7.09,0.00,845.00,15.19,2025-10-27T14:40:00
7.08,0.00,834.00,15.19,2025-10-27T14:40:11
7.10,0.00,835.00,15.19,2025-10-27T14:40:21
7.08,0.00,834.00,15.19,2025-10-27T14:40:31
7.11,0.00,824.00,15.13,2025-10-27T14:40:41
7.08,0.00,835.00,15.13,2025-10-27T14:40:51
7.08,0.00,827.00,15.13,2025-10-27T14:41:01
7.10,0.00,824.00,15.13,2025-10-27T14:41:12
7.08,0.00,841.00,15.19,2025-10-27T14:41:22
7.10,0.00,844.00,15.19,2025-10-27T14:41:32
7.10,0.00,840.00,15.19,2025-10-27T14:41:42
7.08,0.00,839.00,15.19,2025-10-27T14:41:52
7.09,0.00,839.00,15.13,2025-10-27T14:42:03
7.11,0.00,848.00,15.13,2025-10-27T14:42:13
7.10,0.00,843.00,15.13,2025-10-27T14:42:23
7.11,0.00,829.00,15.13,2025-10-27T14:42:33
7.11,0.00,842.00,15.13,2025-10-27T14:42:43
7.11,0.00,835.00,15.13,2025-10-27T14:42:54
7.09,0.00,834.00,15.13,2025-10-27T14:43:04
7.10,0.00,841.00,15.13,2025-10-27T14:43:14
7.09,0.00,843.00,15.19,2025-10-27T14:43:24
7.09,0.00,839.00,15.13,2025-10-27T14:43:34
7.08,0.00,833.00,15.13,2025-10-27T14:43:45
7.08,0.00,834.00,15.13,2025-10-27T14:43:55
7.08,0.00,827.00,15.13,2025-10-27T14:44:05
7.08,0.00,846.00,15.13,2025-10-27T14:44:15
7.08,0.00,837.00,15.13,2025-10-27T14:44:25
7.08,0.00,840.00,15.13,2025-10-27T14:44:36
7.08,0.00,836.00,15.13,2025-10-27T14:44:46
7.08,0.00,840.00,15.06,2025-10-27T14:44:56
7.08,0.00,826.00,15.13,2025-10-27T14:45:06
7.08,0.00,844.00,15.06,2025-10-27T14:45:16
7.08,0.00,823.00,15.06,2025-10-27T14:45:26
7.08,0.00,827.00,15.13,2025-10-27T14:45:37
7.08,0.00,819.00,15.06,2025-10-27T14:45:47
7.10,0.00,832.00,15.06,2025-10-27T14:45:57
7.08,0.00,822.00,15.13,2025-10-27T14:46:07
7.08,0.00,821.00,15.06,2025-10-27T14:46:17
7.09,0.00,825.00,15.06,2025-10-27T14:46:28
7.08,0.00,840.00,15.06,2025-10-27T14:46:38
7.09,0.00,829.00,15.06,2025-10-27T14:46:48
7.08,0.00,831.00,15.06,2025-10-27T14:46:58
7.08,0.00,834.00,15.06,2025-10-27T14:47:08
7.08,0.00,833.00,15.06,2025-10-27T14:47:19
7.08,0.00,830.00,15.00,2025-10-27T14:47:29
7.08,0.00,821.00,15.06,2025-10-27T14:47:39
7.08,0.00,819.00,15.06,2025-10-27T14:47:49
7.08,0.00,822.00,15.06,2025-10-27T14:47:59
7.08,0.00,821.00,15.06,2025-10-27T14:48:09
7.08,0.00,819.00,15.06,2025-10-27T14:48:20
7.08,0.00,814.00,15.06,2025-10-27T14:48:30
7.10,0.00,821.00,15.06,2025-10-27T14:48:40
7.08,0.00,832.00,15.00,2025-10-27T14:48:50
7.08,0.00,825.00,15.00,2025-10-27T14:49:00
7.08,0.00,836.00,15.06,2025-10-27T14:49:11
7.08,0.00,821.00,15.00,2025-10-27T14:49:21
7.08,0.00,822.00,15.06,2025-10-27T14:49:31
7.08,0.00,826.00,15.00,2025-10-27T14:49:41
7.08,0.00,822.00,15.00,2025-10-27T14:49:51
7.08,0.00,824.00,15.06,2025-10-27T14:50:02
7.08,0.00,827.00,15.00,2025-10-27T14:50:12
7.08,0.00,827.00,15.00,2025-10-27T14:50:22
7.08,0.00,829.00,15.06,2025-10-27T14:50:32
7.07,0.00,835.00,15.00,2025-10-27T14:50:42
7.08,0.00,829.00,15.00,2025-10-27T14:50:53
7.10,0.00,830.00,15.00,2025-10-27T14:51:03
7.08,0.00,817.00,15.00,2025-10-27T14:51:13
7.08,0.00,806.00,15.00,2025-10-27T14:51:23
7.08,0.00,814.00,15.00,2025-10-27T14:51:33
7.09,0.00,823.00,15.00,2025-10-27T14:51:43
7.08,0.00,823.00,15.00,2025-10-27T14:51:54
7.08,0.00,832.00,15.00,2025-10-27T14:52:04
7.08,0.00,832.00,15.00,2025-10-27T14:52:14
7.08,0.00,832.00,15.00,2025-10-27T14:52:24
7.08,0.00,835.00,14.94,2025-10-27T14:52:34
7.08,0.00,825.00,15.00,2025-10-27T14:52:45
7.08,0.00,838.00,15.00,2025-10-27T14:52:55
7.08,0.00,824.00,15.00,2025-10-27T14:53:05
7.08,0.00,826.00,15.00,2025-10-27T14:53:15
7.08,0.00,832.00,15.00,2025-10-27T14:53:25
7.08,0.00,825.00,15.00,2025-10-27T14:53:36
7.08,0.00,826.00,14.94,2025-10-27T14:53:46
7.08,0.00,827.00,15.00,2025-10-27T14:53:56
7.08,0.00,820.00,15.00,2025-10-27T14:54:06
7.10,0.00,825.00,14.94,2025-10-27T14:54:16
7.08,0.00,830.00,15.00,2025-10-27T14:54:27
7.09,0.00,833.00,14.94,2025-10-27T14:54:37
7.10,0.00,832.00,14.94,2025-10-27T14:54:47
7.08,0.00,834.00,15.00,2025-10-27T14:54:57
7.09,0.00,819.00,15.00,2025-10-27T14:55:07
7.08,0.00,831.00,14.94,2025-10-27T14:55:17
7.10,0.00,545.00,15.00,2025-10-27T14:55:28
7.07,0.00,817.00,14.94,2025-10-27T14:55:38
7.07,0.00,829.00,14.94,2025-10-27T14:55:48
7.08,0.00,828.00,14.94,2025-10-27T14:55:58
7.09,0.00,823.00,15.00,2025-10-27T14:56:08
7.08,0.00,828.00,15.00,2025-10-27T14:56:19
7.08,0.00,824.00,14.94,2025-10-27T14:56:29
7.08,0.00,821.00,14.94,2025-10-27T14:56:39
7.08,0.00,829.00,14.94,2025-10-27T14:56:49
7.08,0.00,823.00,15.00,2025-10-27T14:56:59
7.08,0.00,826.00,14.94,2025-10-27T14:57:10
7.08,0.00,830.00,15.00,2025-10-27T14:57:20
7.08,0.00,829.00,15.00,2025-10-27T14:57:30
7.08,0.00,829.00,14.94,2025-10-27T14:57:40
7.07,0.00,822.00,14.94,2025-10-27T14:57:50
7.06,0.00,829.00,15.00,2025-10-27T14:58:01
7.06,0.00,826.00,15.00,2025-10-27T14:58:11
7.07,0.00,822.00,15.00,2025-10-27T14:58:21
7.07,0.00,818.00,15.00,2025-10-27T14:58:31
7.06,0.00,823.00,14.94,2025-10-27T14:58:41
7.07,0.00,821.00,15.00,2025-10-27T14:58:51
7.06,0.00,825.00,15.00,2025-10-27T14:59:02
7.06,0.00,819.00,15.00,2025-10-27T14:59:12
7.07,0.00,826.00,15.00,2025-10-27T14:59:22
7.08,0.00,824.00,15.00,2025-10-27T14:59:32
7.08,0.00,830.00,15.00,2025-10-27T14:59:42
7.08,0.00,836.00,15.00,2025-10-27T14:59:53
7.07,0.00,831.00,15.00,2025-10-27T15:00:03
7.08,0.00,836.00,15.00,2025-10-27T15:00:13
7.08,0.00,843.00,15.00,2025-10-27T15:00:23
7.08,0.00,836.00,15.00,2025-10-27T15:00:33
7.06,0.00,837.00,15.00,2025-10-27T15:00:44
7.06,0.00,837.00,15.00,2025-10-27T15:00:54
7.06,0.00,836.00,15.00,2025-10-27T15:01:04
7.07,0.00,837.00,15.00,2025-10-27T15:01:14
7.08,0.00,846.00,15.00,2025-10-27T15:01:24
7.08,0.00,840.00,15.00,2025-10-27T15:01:35
7.09,0.00,847.00,15.00,2025-10-27T15:01:45
7.08,0.00,824.00,15.00,2025-10-27T15:01:55
7.09,0.00,831.00,15.00,2025-10-27T15:02:05
7.08,0.00,825.00,15.00,2025-10-27T15:02:15
7.08,0.00,841.00,15.00,2025-10-27T15:02:25
7.08,0.00,839.00,15.00,2025-10-27T15:02:36
7.07,0.00,828.00,15.00,2025-10-27T15:02:46
7.08,0.00,827.00,15.00,2025-10-27T15:02:56
7.08,0.00,819.00,15.06,2025-10-27T15:03:06
7.08,0.00,834.00,15.00,2025-10-27T15:03:16
7.08,0.00,823.00,15.06,2025-10-27T15:03:27
7.08,0.00,849.00,15.00,2025-10-27T15:03:37
7.08,0.00,838.00,15.06,2025-10-27T15:03:47
7.08,0.00,829.00,15.00,2025-10-27T15:03:57
7.08,0.00,834.00,15.00,2025-10-27T15:04:07
7.09,0.00,849.00,15.00,2025-10-27T15:04:18
7.08,0.00,857.00,15.00,2025-10-27T15:04:28
7.08,0.00,839.00,15.06,2025-10-27T15:04:38
7.08,0.00,838.00,15.06,2025-10-27T15:04:48
7.10,0.00,869.00,15.06,2025-10-27T15:04:58
7.08,0.00,862.00,15.06,2025-10-27T15:05:09
7.09,0.00,864.00,15.06,2025-10-27T15:05:19
7.08,0.00,861.00,15.06,2025-10-27T15:05:29
7.09,0.00,873.00,15.06,2025-10-27T15:05:39
7.08,0.00,854.00,15.06,2025-10-27T15:05:49
7.08,0.00,865.00,15.06,2025-10-27T15:05:59
7.07,0.00,861.00,15.06,2025-10-27T15:06:10
7.07,0.00,862.00,15.06,2025-10-27T15:06:20
7.07,0.00,859.00,15.06,2025-10-27T15:06:30
7.07,0.00,866.00,15.06,2025-10-27T15:06:40
7.08,0.00,863.00,15.06,2025-10-27T15:06:50
7.07,0.00,872.00,15.06,2025-10-27T15:07:01
7.08,0.00,865.00,15.06,2025-10-27T15:07:11
7.10,0.00,885.00,15.06,2025-10-27T15:07:21
7.08,0.00,866.00,15.06,2025-10-27T15:07:31
7.09,0.00,856.00,15.06,2025-10-27T15:07:41
7.09,0.00,866.00,15.06,2025-10-27T15:07:52
7.09,0.00,867.00,15.06,2025-10-27T15:08:02
7.10,0.00,884.00,15.06,2025-10-27T15:08:12
7.08,0.00,855.00,15.06,2025-10-27T15:08:22
7.09,0.00,866.00,15.06,2025-10-27T15:08:32
7.09,0.00,859.00,15.06,2025-10-27T15:08:42
7.09,0.00,879.00,15.06,2025-10-27T15:08:53
7.08,0.00,859.00,15.06,2025-10-27T15:09:03
7.09,0.00,867.00,15.06,2025-10-27T15:09:13
7.09,0.00,862.00,15.06,2025-10-27T15:09:23
7.09,0.00,838.00,15.06,2025-10-27T15:09:33
7.08,0.00,857.00,15.06,2025-10-27T15:09:44
7.08,0.00,872.00,15.06,2025-10-27T15:09:54
7.08,0.00,855.00,15.06,2025-10-27T15:10:04
7.11,0.00,868.00,15.06,2025-10-27T15:10:14
7.09,0.00,862.00,15.06,2025-10-27T15:10:24
7.08,0.00,860.00,15.06,2025-10-27T15:10:35
7.08,0.00,853.00,15.13,2025-10-27T15:10:45
7.08,0.00,856.00,15.06,2025-10-27T15:10:55
7.10,0.00,869.00,15.06,2025-10-27T15:11:05
7.11,0.00,789.00,15.13,2025-10-27T15:11:15
7.05,0.00,863.00,15.06,2025-10-27T15:11:26
7.11,0.00,866.00,15.06,2025-10-27T15:11:36
7.08,0.00,863.00,15.06,2025-10-27T15:11:46
7.11,0.00,877.00,15.06,2025-10-27T15:11:56
7.09,0.00,854.00,15.06,2025-10-27T15:12:06
7.09,0.00,860.00,15.06,2025-10-27T15:12:16
7.10,0.00,871.00,15.06,2025-10-27T15:12:27
7.11,0.00,850.00,15.06,2025-10-27T15:12:37
7.07,0.00,872.00,15.06,2025-10-27T15:12:47
7.08,0.00,862.00,15.06,2025-10-27T15:12:57
7.07,0.00,860.00,15.06,2025-10-27T15:13:07
7.07,0.00,868.00,15.06,2025-10-27T15:13:18
7.05,0.00,867.00,15.06,2025-10-27T15:13:28
7.08,0.00,866.00,15.06,2025-10-27T15:13:38
7.11,0.00,867.00,15.06,2025-10-27T15:13:48
7.11,0.00,868.00,15.06,2025-10-27T15:13:58
7.08,0.00,805.00,15.06,2025-10-27T15:14:09
7.10,0.00,860.00,15.06,2025-10-27T15:14:19
7.08,0.00,864.00,15.13,2025-10-27T15:14:29
7.08,0.00,859.00,15.13,2025-10-27T15:14:39
7.08,0.00,860.00,15.13,2025-10-27T15:14:49
7.08,0.00,856.00,15.06,2025-10-27T15:15:00
7.07,0.00,846.00,15.13,2025-10-27T15:15:10
7.08,0.00,854.00,15.13,2025-10-27T15:15:20
7.08,0.00,847.00,15.13,2025-10-27T15:15:30
7.08,0.00,840.00,15.13,2025-10-27T15:15:40
7.07,0.00,843.00,15.13,2025-10-27T15:15:50
7.08,0.00,847.00,15.13,2025-10-27T15:16:01
7.07,0.00,836.00,15.06,2025-10-27T15:16:11
7.07,0.00,843.00,15.13,2025-10-27T15:16:21
7.10,0.00,842.00,15.13,2025-10-27T15:16:31
7.08,0.00,849.00,15.13,2025-10-27T15:16:41
7.08,0.00,844.00,15.13,2025-10-27T15:16:52
7.08,0.00,838.00,15.13,2025-10-27T15:17:02
7.08,0.00,853.00,15.13,2025-10-27T15:17:12
7.07,0.00,825.00,15.13,2025-10-27T15:17:22
7.07,0.00,834.00,15.13,2025-10-27T15:17:32
7.05,0.00,834.00,15.13,2025-10-27T15:17:43
7.05,0.00,831.00,15.13,2025-10-27T15:17:53
7.06,0.00,854.00,15.13,2025-10-27T15:18:03
7.05,0.00,844.00,15.13,2025-10-27T15:18:13
7.05,0.00,853.00,15.13,2025-10-27T15:18:23
7.05,0.00,816.00,15.13,2025-10-27T15:18:34
7.05,0.00,826.00,15.13,2025-10-27T15:18:44
7.06,0.00,835.00,15.13,2025-10-27T15:18:54
7.05,0.00,836.00,15.13,2025-10-27T15:19:04
7.06,0.00,833.00,15.13,2025-10-27T15:19:14
7.06,0.00,835.00,15.13,2025-10-27T15:19:24
7.07,0.00,831.00,15.13,2025-10-27T15:19:35
7.07,0.00,838.00,15.13,2025-10-27T15:19:45
7.06,0.00,846.00,15.13,2025-10-27T15:19:55
7.07,0.00,842.00,15.13,2025-10-27T15:20:05
7.07,0.00,844.00,15.13,2025-10-27T15:20:15
7.06,0.00,849.00,15.13,2025-10-27T15:20:26
7.05,0.00,838.00,15.13,2025-10-27T15:20:36
7.07,0.00,840.00,15.13,2025-10-27T15:20:46
7.08,0.00,821.00,15.13,2025-10-27T15:20:56
7.08,0.00,839.00,15.13,2025-10-27T15:21:06
7.07,0.00,829.00,15.13,2025-10-27T15:21:17
7.07,0.00,822.00,15.13,2025-10-27T15:21:27
7.08,0.00,147.00,15.13,2025-10-27T15:21:37
7.08,0.00,815.00,15.13,2025-10-27T15:21:47
7.08,0.00,819.00,15.13,2025-10-27T15:21:57
7.08,0.00,812.00,15.13,2025-10-27T15:22:07
7.08,0.00,819.00,15.13,2025-10-27T15:22:18
7.07,0.00,807.00,15.13,2025-10-27T15:22:28
7.08,0.00,816.00,15.13,2025-10-27T15:22:38
7.08,0.00,816.00,15.13,2025-10-27T15:22:48
7.08,0.00,817.00,15.13,2025-10-27T15:22:58
7.06,0.00,821.00,15.13,2025-10-27T15:23:09
7.06,0.00,824.00,15.13,2025-10-27T15:23:19
7.08,0.00,810.00,15.13,2025-10-27T15:23:29
7.08,0.00,805.00,15.13,2025-10-27T15:23:39
7.08,0.00,821.00,15.13,2025-10-27T15:23:49
7.08,0.00,820.00,15.13,2025-10-27T15:24:00
7.08,0.00,818.00,15.13,2025-10-27T15:24:10
7.08,0.00,819.00,15.13,2025-10-27T15:24:20
7.08,0.00,821.00,15.13,2025-10-27T15:24:30
7.08,0.00,823.00,15.13,2025-10-27T15:24:40
7.08,0.00,821.00,15.13,2025-10-27T15:24:51
7.07,0.00,822.00,15.13,2025-10-27T15:25:01
7.08,0.00,820.00,15.13,2025-10-27T15:25:11
7.08,0.00,815.00,15.13,2025-10-27T15:25:21
7.08,0.00,810.00,15.13,2025-10-27T15:25:31
7.08,0.00,809.00,15.13,2025-10-27T15:25:42
7.08,0.00,818.00,15.13,2025-10-27T15:25:52
7.08,0.00,827.00,15.13,2025-10-27T15:26:02
7.07,0.00,825.00,15.13,2025-10-27T15:26:12
7.08,0.00,832.00,15.13,2025-10-27T15:26:22
7.07,0.00,826.00,15.13,2025-10-27T15:26:32
7.07,0.00,823.00,15.13,2025-10-27T15:26:43
7.07,0.00,826.00,15.13,2025-10-27T15:26:53
7.07,0.00,824.00,15.13,2025-10-27T15:27:03
7.08,0.00,811.00,15.13,2025-10-27T15:27:13
7.08,0.00,817.00,15.13,2025-10-27T15:27:23
7.06,0.00,821.00,15.13,2025-10-27T15:27:34
7.06,0.00,819.00,15.13,2025-10-27T15:27:44
7.06,0.00,813.00,15.13,2025-10-27T15:27:54
7.06,0.00,817.00,15.13,2025-10-27T15:28:04
7.07,0.00,817.00,15.13,2025-10-27T15:28:14
7.05,0.00,819.00,15.13,2025-10-27T15:28:25
7.06,0.00,814.00,15.13,2025-10-27T15:28:35
7.05,0.00,808.00,15.13,2025-10-27T15:28:45
7.05,0.00,816.00,15.13,2025-10-27T15:28:55
7.05,0.00,814.00,15.13,2025-10-27T15:29:05
7.08,0.00,802.00,15.06,2025-10-27T15:29:16
7.07,0.00,812.00,15.06,2025-10-27T15:29:26
7.07,0.00,813.00,15.13,2025-10-27T15:29:36
7.06,0.00,815.00,15.06,2025-10-27T15:29:46
7.05,0.00,813.00,15.06,2025-10-27T15:29:56
7.07,0.00,814.00,15.13,2025-10-27T15:30:07
7.07,0.00,812.00,15.06,2025-10-27T15:30:17
7.08,0.00,813.00,15.06,2025-10-27T15:30:27
7.08,0.00,810.00,15.13,2025-10-27T15:30:37
7.07,0.00,820.00,15.06,2025-10-27T15:30:47
7.08,0.00,819.00,15.06,2025-10-27T15:30:57
7.07,0.00,818.00,15.06,2025-10-27T15:31:08
7.07,0.00,818.00,15.06,2025-10-27T15:31:18
7.07,0.00,816.00,15.06,2025-10-27T15:31:28
7.06,0.00,822.00,15.06,2025-10-27T15:31:38
7.08,0.00,815.00,15.06,2025-10-27T15:31:48
7.06,0.00,820.00,15.06,2025-10-27T15:31:59
7.06,0.00,812.00,15.06,2025-10-27T15:32:09
7.07,0.00,801.00,15.06,2025-10-27T15:32:19
7.08,0.00,785.00,15.06,2025-10-27T15:32:29
7.07,0.00,765.00,15.06,2025-10-27T15:32:39
7.07,0.00,760.00,15.06,2025-10-27T15:32:50
7.05,0.00,744.00,15.06,2025-10-27T15:33:00
7.07,0.00,737.00,15.06,2025-10-27T15:33:10
7.07,0.00,849.00,15.06,2025-10-27T15:33:20
7.05,0.00,844.00,15.06,2025-10-27T15:33:30
7.06,0.00,851.00,15.06,2025-10-27T15:33:41
7.07,0.00,847.00,15.06,2025-10-27T15:33:51
7.07,0.00,855.00,15.06,2025-10-27T15:34:01
7.08,0.00,833.00,15.06,2025-10-27T15:34:11
7.07,0.00,837.00,15.06,2025-10-27T15:34:21
7.07,0.00,833.00,15.06,2025-10-27T15:34:32
7.07,0.00,837.00,15.06,2025-10-27T15:34:42
7.07,0.00,825.00,15.06,2025-10-27T15:34:52
7.06,0.00,829.00,15.06,2025-10-27T15:35:02
7.08,0.00,827.00,15.06,2025-10-27T15:35:12
7.08,0.00,831.00,15.06,2025-10-27T15:35:22
7.08,0.00,823.00,15.06,2025-10-27T15:35:33
7.08,0.00,828.00,15.06,2025-10-27T15:35:43
7.07,0.00,831.00,15.06,2025-10-27T15:35:53
7.08,0.00,826.00,15.06,2025-10-27T15:36:03
7.08,0.00,826.00,15.06,2025-10-27T15:36:13
7.08,0.00,817.00,15.06,2025-10-27T15:36:24
7.08,0.00,815.00,15.06,2025-10-27T15:36:34
7.08,0.00,811.00,15.06,2025-10-27T15:36:44
7.08,0.00,814.00,15.06,2025-10-27T15:36:54
7.08,0.00,807.00,15.06,2025-10-27T15:37:04
7.08,0.00,815.00,15.06,2025-10-27T15:37:15
7.07,0.00,814.00,15.06,2025-10-27T15:37:25
7.07,0.00,817.00,15.06,2025-10-27T15:37:35
7.07,0.00,811.00,15.06,2025-10-27T15:37:45
7.06,0.00,816.00,15.06,2025-10-27T15:37:55
7.05,0.00,816.00,15.06,2025-10-27T15:38:06
7.05,0.00,808.00,15.06,2025-10-27T15:38:16
7.05,0.00,810.00,15.06,2025-10-27T15:38:26
7.07,0.00,807.00,15.06,2025-10-27T15:38:36
7.07,0.00,794.00,15.06,2025-10-27T15:38:46
7.08,0.00,794.00,15.06,2025-10-27T15:38:57
7.08,0.00,787.00,15.06,2025-10-27T15:39:07
7.08,0.00,799.00,15.06,2025-10-27T15:39:17
7.08,0.00,799.00,15.06,2025-10-27T15:39:27
7.08,0.00,796.00,15.06,2025-10-27T15:39:37
7.08,0.00,792.00,15.06,2025-10-27T15:39:47
7.06,0.00,797.00,15.06,2025-10-27T15:39:58
7.07,0.00,800.00,15.06,2025-10-27T15:40:08
7.06,0.00,806.00,15.06,2025-10-27T15:40:18
7.05,0.00,798.00,15.06,2025-10-27T15:40:28
7.07,0.00,808.00,15.06,2025-10-27T15:40:38
7.05,0.00,802.00,15.06,2025-10-27T15:40:49
7.05,0.00,804.00,15.06,2025-10-27T15:40:59
7.05,0.00,805.00,15.06,2025-10-27T15:41:09
7.05,0.00,807.00,15.06,2025-10-27T15:41:19
7.07,0.00,808.00,15.06,2025-10-27T15:41:29
7.05,0.00,809.00,15.06,2025-10-27T15:41:40
7.05,0.00,805.00,15.06,2025-10-27T15:41:50
7.05,0.00,803.00,15.00,2025-10-27T15:42:00
7.07,0.00,801.00,15.06,2025-10-27T15:42:10
7.06,0.00,807.00,15.06,2025-10-27T15:42:20
7.06,0.00,806.00,15.06,2025-10-27T15:42:31
7.07,0.00,805.00,15.06,2025-10-27T15:42:41
7.06,0.00,805.00,15.00,2025-10-27T15:42:51
7.08,0.00,806.00,15.06,2025-10-27T15:43:01
7.08,0.00,804.00,15.06,2025-10-27T15:43:11
7.06,0.00,804.00,15.06,2025-10-27T15:43:22
7.06,0.00,806.00,15.06,2025-10-27T15:43:32
7.06,0.00,806.00,15.06,2025-10-27T15:43:42
7.07,0.00,804.00,15.06,2025-10-27T15:43:52
7.06,0.00,808.00,15.06,2025-10-27T15:44:02
7.06,0.00,811.00,15.06,2025-10-27T15:44:12
7.05,0.00,810.00,15.06,2025-10-27T15:44:23
7.05,0.00,808.00,15.06,2025-10-27T15:44:33
7.05,0.00,807.00,15.06,2025-10-27T15:44:43
7.07,0.00,815.00,15.06,2025-10-27T15:44:53
7.05,0.00,817.00,15.06,2025-10-27T15:45:03
7.05,0.00,815.00,15.06,2025-10-27T15:45:14
7.06,0.00,815.00,15.06,2025-10-27T15:45:24
7.06,0.00,824.00,15.06,2025-10-27T15:45:34
7.06,0.00,817.00,15.06,2025-10-27T15:45:44
7.07,0.00,818.00,15.06,2025-10-27T15:45:54
7.08,0.00,817.00,15.06,2025-10-27T15:46:05
7.08,0.00,821.00,15.06,2025-10-27T15:46:15
7.08,0.00,817.00,15.06,2025-10-27T15:46:25
7.07,0.00,819.00,15.06,2025-10-27T15:46:35
7.08,0.00,819.00,15.06,2025-10-27T15:46:45
7.07,0.00,808.00,15.06,2025-10-27T15:46:56
7.06,0.00,813.00,15.06,2025-10-27T15:47:06
7.08,0.00,811.00,15.06,2025-10-27T15:47:16
7.07,0.00,818.00,15.06,2025-10-27T15:47:26
7.07,0.00,809.00,15.06,2025-10-27T15:47:36
7.08,0.00,810.00,15.06,2025-10-27T15:47:47
7.08,0.00,803.00,15.06,2025-10-27T15:47:57
7.08,0.00,806.00,15.06,2025-10-27T15:48:07
7.08,0.00,796.00,15.06,2025-10-27T15:48:17
7.09,0.00,814.00,15.06,2025-10-27T15:48:27
7.08,0.00,817.00,15.06,2025-10-27T15:48:37
7.08,0.00,817.00,15.06,2025-10-27T15:48:48
7.08,0.00,807.00,15.06,2025-10-27T15:48:58
7.08,0.00,812.00,15.06,2025-10-27T15:49:08
7.08,0.00,805.00,15.06,2025-10-27T15:49:18
7.08,0.00,807.00,15.06,2025-10-27T15:49:28
7.08,0.00,812.00,15.06,2025-10-27T15:49:39
7.08,0.00,812.00,15.06,2025-10-27T15:49:49
7.08,0.00,809.00,15.06,2025-10-27T15:49:59
7.08,0.00,802.00,15.06,2025-10-27T15:50:09
7.08,0.00,805.00,15.06,2025-10-27T15:50:19
7.08,0.00,807.00,15.06,2025-10-27T15:50:30
7.06,0.00,811.00,15.06,2025-10-27T15:50:40
7.05,0.00,811.00,15.06,2025-10-27T15:50:50
7.06,0.00,805.00,15.06,2025-10-27T15:51:00
7.06,0.00,810.00,15.06,2025-10-27T15:51:10
7.06,0.00,804.00,15.06,2025-10-27T15:51:21
7.07,0.00,799.00,15.06,2025-10-27T15:51:31
7.07,0.00,795.00,15.06,2025-10-27T15:51:41
7.06,0.00,792.00,15.06,2025-10-27T15:51:51
7.05,0.00,791.00,15.06,2025-10-27T15:52:01
7.06,0.00,794.00,15.06,2025-10-27T15:52:12
7.06,0.00,792.00,15.06,2025-10-27T15:52:22
7.06,0.00,787.00,15.06,2025-10-27T15:52:32
7.07,0.00,788.00,15.06,2025-10-27T15:52:42
7.08,0.00,788.00,15.06,2025-10-27T15:52:52
7.07,0.00,788.00,15.06,2025-10-27T15:53:02
7.09,0.00,790.00,15.06,2025-10-27T15:53:13
7.08,0.00,789.00,15.06,2025-10-27T15:53:23
7.08,0.00,786.00,15.06,2025-10-27T15:53:33
7.08,0.00,794.00,15.06,2025-10-27T15:53:43
7.08,0.00,794.00,15.06,2025-10-27T15:53:53
7.08,0.00,790.00,15.06,2025-10-27T15:54:04
7.07,0.00,790.00,15.06,2025-10-27T15:54:14
7.07,0.00,790.00,15.06,2025-10-27T15:54:24
7.07,0.00,778.00,15.06,2025-10-27T15:54:34
7.08,0.00,790.00,15.06,2025-10-27T15:54:44
7.06,0.00,793.00,15.06,2025-10-27T15:54:55
7.08,0.00,791.00,15.06,2025-10-27T15:55:05
7.07,0.00,803.00,15.06,2025-10-27T15:55:15
7.07,0.00,799.00,15.06,2025-10-27T15:55:25
7.08,0.00,799.00,15.13,2025-10-27T15:55:35
7.08,0.00,799.00,15.13,2025-10-27T15:55:46
7.08,0.00,799.00,15.13,2025-10-27T15:55:56
7.08,0.00,802.00,15.06,2025-10-27T15:56:06
7.08,0.00,795.00,15.06,2025-10-27T15:56:16
7.10,0.00,802.00,15.13,2025-10-27T15:56:26
7.10,0.00,798.00,15.13,2025-10-27T15:56:37
7.08,0.00,795.00,15.13,2025-10-27T15:56:47
7.08,0.00,796.00,15.13,2025-10-27T15:56:57
7.08,0.00,795.00,15.13,2025-10-27T15:57:07
7.08,0.00,798.00,15.13,2025-10-27T15:57:17
7.08,0.00,798.00,15.13,2025-10-27T15:57:27
7.08,0.00,798.00,15.13,2025-10-27T15:57:38
7.08,0.00,793.00,15.13,2025-10-27T15:57:48
7.08,0.00,790.00,15.13,2025-10-27T15:57:58
7.09,0.00,782.00,15.13,2025-10-27T15:58:08
7.11,0.00,784.00,15.13,2025-10-27T15:58:18
7.10,0.00,783.00,15.13,2025-10-27T15:58:29
7.10,0.00,780.00,15.13,2025-10-27T15:58:39
7.11,0.00,781.00,15.13,2025-10-27T15:58:49
7.11,0.00,781.00,15.13,2025-10-27T15:58:59
7.09,0.00,787.00,15.13,2025-10-27T15:59:09
7.10,0.00,788.00,15.13,2025-10-27T15:59:20
7.08,0.00,782.00,15.13,2025-10-27T15:59:30
7.10,0.00,786.00,15.13,2025-10-27T15:59:40
7.08,0.00,782.00,15.13,2025-10-27T15:59:50
7.09,0.00,784.00,15.13,2025-10-27T16:00:00
7.08,0.00,776.00,15.13,2025-10-27T16:00:11
7.08,0.00,780.00,15.13,2025-10-27T16:00:21
7.11,0.00,781.00,15.13,2025-10-27T16:00:31
7.09,0.00,779.00,15.13,2025-10-27T16:00:41
7.11,0.00,781.00,15.13,2025-10-27T16:00:51
7.09,0.00,779.00,15.13,2025-10-27T16:01:01
7.10,0.00,780.00,15.13,2025-10-27T16:01:12
7.10,0.00,774.00,15.13,2025-10-27T16:01:22
7.10,0.00,777.00,15.13,2025-10-27T16:01:32
7.10,0.00,779.00,15.13,2025-10-27T16:01:42
7.10,0.00,783.00,15.13,2025-10-27T16:01:52
7.10,0.00,782.00,15.13,2025-10-27T16:02:03
7.10,0.00,784.00,15.13,2025-10-27T16:02:13
7.10,0.00,784.00,15.13,2025-10-27T16:02:23
7.12,0.00,766.00,15.13,2025-10-27T16:02:33
7.12,0.00,767.00,15.13,2025-10-27T16:02:43
7.11,0.00,767.00,15.13,2025-10-27T16:02:54
7.11,0.00,763.00,15.13,2025-10-27T16:03:04
7.11,0.00,761.00,15.13,2025-10-27T16:03:14
7.11,0.00,763.00,15.13,2025-10-27T16:03:24
7.12,0.00,765.00,15.13,2025-10-27T16:03:34
7.11,0.00,763.00,15.13,2025-10-27T16:03:45
7.11,0.00,765.00,15.13,2025-10-27T16:03:55
7.11,0.00,763.00,15.13,2025-10-27T16:04:05
7.11,0.00,763.00,15.19,2025-10-27T16:04:15
7.11,0.00,759.00,15.13,2025-10-27T16:04:25
7.11,0.00,762.00,15.13,2025-10-27T16:04:36
7.11,0.00,763.00,15.19,2025-10-27T16:04:46
7.11,0.00,761.00,15.19,2025-10-27T16:04:56
7.11,0.00,764.00,15.13,2025-10-27T16:05:06
7.11,0.00,763.00,15.19,2025-10-27T16:05:16
7.11,0.00,762.00,15.19,2025-10-27T16:05:27
7.10,0.00,767.00,15.13,2025-10-27T16:05:37
7.10,0.00,768.00,15.19,2025-10-27T16:05:47
7.11,0.00,767.00,15.19,2025-10-27T16:05:57
7.09,0.00,769.00,15.19,2025-10-27T16:06:07
7.08,0.00,768.00,15.19,2025-10-27T16:06:17
7.09,0.00,767.00,15.13,2025-10-27T16:06:28
7.10,0.00,769.00,15.19,2025-10-27T16:06:38
7.10,0.00,769.00,15.19,2025-10-27T16:06:48
7.11,0.00,766.00,15.13,2025-10-27T16:06:58
7.11,0.00,765.00,15.19,2025-10-27T16:07:08
7.12,0.00,768.00,15.19,2025-10-27T16:07:19
7.11,0.00,765.00,15.19,2025-10-27T16:07:29
7.10,0.00,767.00,15.13,2025-10-27T16:07:39
7.10,0.00,756.00,15.19,2025-10-27T16:07:49
7.11,0.00,763.00,15.13,2025-10-27T16:07:59
7.10,0.00,761.00,15.19,2025-10-27T16:08:10
7.11,0.00,765.00,15.19,2025-10-27T16:08:20
7.11,0.00,765.00,15.19,2025-10-27T16:08:30
7.11,0.00,759.00,15.19,2025-10-27T16:08:40
7.11,0.00,766.00,15.19,2025-10-27T16:08:50
7.11,0.00,769.00,15.19,2025-10-27T16:09:01
7.11,0.00,744.00,15.19,2025-10-27T16:09:11
7.11,0.00,744.00,15.19,2025-10-27T16:09:21
7.11,0.00,738.00,15.19,2025-10-27T16:09:31
7.11,0.00,741.00,15.19,2025-10-27T16:09:41
7.11,0.00,720.00,15.19,2025-10-27T16:09:52
7.14,0.00,724.00,15.19,2025-10-27T16:10:02
7.11,0.00,727.00,15.06,2025-10-27T16:10:12
7.11,0.00,730.00,14.75,2025-10-27T16:10:22
7.11,0.00,739.00,14.38,2025-10-27T16:10:32
7.11,0.00,729.00,14.06,2025-10-27T16:10:42
7.12,0.00,724.00,13.63,2025-10-27T16:10:53
7.11,0.00,725.00,13.31,2025-10-27T16:11:03
7.09,0.00,733.00,13.19,2025-10-27T16:11:13
7.11,0.00,724.00,13.13,2025-10-27T16:11:23
7.08,0.00,707.00,13.00,2025-10-27T16:11:33
7.14,0.00,706.00,12.94,2025-10-27T16:11:44
7.15,0.00,711.00,12.88,2025-10-27T16:11:54
7.15,0.00,704.00,12.81,2025-10-27T16:12:04
7.17,0.00,704.00,12.81,2025-10-27T16:12:14
7.16,0.00,703.00,12.94,2025-10-27T16:12:24
7.11,0.00,704.00,13.06,2025-10-27T16:12:35
7.05,0.00,703.00,13.25,2025-10-27T16:12:45
7.14,0.00,704.00,13.44,2025-10-27T16:12:55
7.14,0.00,703.00,13.69,2025-10-27T16:13:05
7.14,0.00,703.00,13.81,2025-10-27T16:13:15
7.14,0.00,705.00,13.94,2025-10-27T16:13:26
7.13,0.00,704.00,14.06,2025-10-27T16:13:36
7.11,0.00,704.00,14.13,2025-10-27T16:13:46
7.14,0.00,704.00,14.25,2025-10-27T16:13:56
7.18,0.00,704.00,14.31,2025-10-27T16:14:06
7.17,0.00,704.00,14.38,2025-10-27T16:14:17
7.19,0.00,704.00,14.44,2025-10-27T16:14:27
7.19,0.00,704.00,14.44,2025-10-27T16:14:37
7.20,0.00,705.00,14.50,2025-10-27T16:14:47
7.22,0.00,705.00,14.50,2025-10-27T16:14:57
7.19,0.00,705.00,14.56,2025-10-27T16:15:07
7.17,0.00,705.00,14.63,2025-10-27T16:15:18
7.17,0.00,706.00,14.63,2025-10-27T16:15:28
7.17,0.00,706.00,14.69,2025-10-27T16:15:38
7.21,0.00,706.00,14.69,2025-10-27T16:15:48
7.19,0.00,709.00,14.69,2025-10-27T16:15:58
7.19,0.00,711.00,14.75,2025-10-27T16:16:09
7.17,0.00,711.00,14.81,2025-10-27T16:16:19
7.29,0.00,713.00,14.81,2025-10-27T16:16:29
7.83,0.00,707.00,15.00,2025-10-27T16:16:39
7.89,0.00,703.00,15.81,2025-10-27T16:16:50
8.00,0.00,701.00,16.69,2025-10-27T16:17:00
7.89,0.00,706.00,17.56,2025-10-27T16:17:10
7.86,0.00,707.00,17.50,2025-10-27T16:17:20
7.86,0.00,707.00,17.25,2025-10-27T16:17:30
7.83,0.00,708.00,17.00,2025-10-27T16:17:41
7.86,0.00,708.00,16.81,2025-10-27T16:17:51
7.85,0.00,708.00,16.69,2025-10-27T16:18:01
7.83,0.00,708.00,16.56,2025-10-27T16:18:11
7.85,0.00,708.00,16.44,2025-10-27T16:18:21
7.83,0.00,708.00,16.37,2025-10-27T16:18:31
7.83,0.00,708.00,16.31,2025-10-27T16:18:42
7.80,0.00,711.00,16.25,2025-10-27T16:18:52
7.76,0.00,711.00,16.25,2025-10-27T16:19:02
7.69,0.00,710.00,16.25,2025-10-27T16:19:12
7.69,0.00,710.00,16.31,2025-10-27T16:19:22
7.65,0.00,710.00,16.37,2025-10-27T16:19:33
7.65,0.00,710.00,16.37,2025-10-27T16:19:43
7.63,0.00,710.00,16.37,2025-10-27T16:19:53
7.60,0.00,710.00,16.44,2025-10-27T16:20:03
7.55,0.00,708.00,16.44,2025-10-27T16:20:13
7.55,0.00,708.00,16.44,2025-10-27T16:20:24
7.54,0.00,708.00,16.50,2025-10-27T16:20:34
7.60,0.00,707.00,16.50,2025-10-27T16:20:44
7.63,0.00,708.00,16.56,2025-10-27T16:20:54
7.57,0.00,706.00,16.56,2025-10-27T16:21:04
7.57,0.00,706.00,16.56,2025-10-27T16:21:15
7.60,0.00,706.00,16.62,2025-10-27T16:21:25
7.63,0.00,706.00,16.62,2025-10-27T16:21:35
7.64,0.00,706.00,16.62,2025-10-27T16:21:45
7.63,0.00,706.00,16.56,2025-10-27T16:21:55
7.65,0.00,706.00,16.56,2025-10-27T16:22:06
7.65,0.00,706.00,16.50,2025-10-27T16:22:16
7.54,0.00,708.00,16.50,2025-10-27T16:22:26
7.57,0.00,707.00,16.56,2025-10-27T16:22:36
7.57,0.00,707.00,16.62,2025-10-27T16:22:46
7.48,0.00,707.00,16.75,2025-10-27T16:22:56
7.41,0.00,708.00,16.75,2025-10-27T16:23:07
7.44,0.00,706.00,16.87,2025-10-27T16:23:17
7.43,0.00,712.00,17.00,2025-10-27T16:23:27
7.79,0.00,710.00,17.19,2025-10-27T16:23:37
7.54,0.00,679.00,18.25,2025-10-27T16:23:47
7.51,0.00,573.00,19.00,2025-10-27T16:23:58
7.48,0.00,606.00,19.06,2025-10-27T16:24:08
7.60,0.00,698.00,19.00,2025-10-27T16:24:18
7.60,0.00,975.00,19.06,2025-10-27T16:24:28
7.40,0.00,631.00,19.06,2025-10-27T16:24:38
7.39,0.00,606.00,19.25,2025-10-27T16:24:49
7.31,0.00,592.00,19.69,2025-10-27T16:24:59
7.28,0.00,593.00,20.00,2025-10-27T16:25:09
7.28,0.00,411.00,20.00,2025-10-27T16:25:19
7.28,0.00,728.00,20.25,2025-10-27T16:25:30
7.25,0.00,728.00,20.25,2025-10-27T16:25:40
7.28,0.00,724.00,20.12,2025-10-27T16:25:50
7.53,0.00,617.00,20.00,2025-10-27T16:26:01
7.37,0.00,732.00,20.31,2025-10-27T16:26:11
7.31,0.00,742.00,20.25,2025-10-27T16:26:21
7.28,0.00,716.00,20.37,2025-10-27T16:26:31
7.25,0.00,715.00,20.50,2025-10-27T16:26:41
7.25,0.00,698.00,20.69,2025-10-27T16:26:52
7.27,0.00,706.00,20.62,2025-10-27T16:27:02
7.29,0.00,707.00,20.37,2025-10-27T16:27:12
7.28,0.00,708.00,20.06,2025-10-27T16:27:22
7.35,0.00,706.00,19.62,2025-10-27T16:27:32
7.29,0.00,705.00,19.31,2025-10-27T16:27:43
7.34,0.00,719.00,19.06,2025-10-27T16:27:53
7.25,0.00,712.00,18.94,2025-10-27T16:28:03
7.25,0.00,714.00,18.81,2025-10-27T16:28:13
7.34,0.00,717.00,18.69,2025-10-27T16:28:23
7.37,0.00,707.00,18.56,2025-10-27T16:28:34
6.07,0.00,713.00,18.50,2025-10-27T16:28:44
5.93,0.00,709.00,18.50,2025-10-27T16:28:54
5.89,0.00,706.00,18.44,2025-10-27T16:29:04
4.65,0.00,712.00,18.44,2025-10-27T16:29:14
4.58,0.00,712.00,18.50,2025-10-27T16:29:24
4.58,0.00,705.00,18.81,2025-10-27T16:29:35
4.56,0.00,710.00,19.19,2025-10-27T16:29:45
4.57,0.00,711.00,19.31,2025-10-27T16:29:55
4.58,0.00,712.00,19.19,2025-10-27T16:30:05
4.58,0.00,711.00,19.12,2025-10-27T16:30:15
4.58,0.00,706.00,19.06,2025-10-27T16:30:26
4.59,0.00,711.00,19.00,2025-10-27T16:30:36
4.55,0.00,707.00,18.94,2025-10-27T16:30:46
4.55,0.00,707.00,18.87,2025-10-27T16:30:56
4.56,0.00,707.00,18.81,2025-10-27T16:31:06
4.56,0.00,707.00,18.81,2025-10-27T16:31:17
4.56,0.00,707.00,18.81,2025-10-27T16:31:27
4.57,0.00,707.00,18.75,2025-10-27T16:31:37
4.57,0.00,707.00,18.69,2025-10-27T16:31:47
4.58,0.00,707.00,18.69,2025-10-27T16:31:57
4.58,0.00,707.00,18.69,2025-10-27T16:32:08
4.58,0.00,706.00,18.69,2025-10-27T16:32:18
4.58,0.00,707.00,18.69,2025-10-27T16:32:28
4.58,0.00,707.00,18.75,2025-10-27T16:32:38
4.56,0.00,711.00,18.69,2025-10-27T16:32:48
4.53,0.00,718.00,18.69,2025-10-27T16:32:59
4.53,0.00,718.00,18.75,2025-10-27T16:33:09
4.53,0.00,718.00,18.75,2025-10-27T16:33:19
4.53,0.00,717.00,18.69,2025-10-27T16:33:29
4.53,0.00,717.00,18.69,2025-10-27T16:33:39
4.30,0.00,711.00,18.75,2025-10-27T16:33:49
4.51,0.00,713.00,18.75,2025-10-27T16:34:00
4.53,0.00,703.00,18.81,2025-10-27T16:34:10
